{"loss": [2.7838029861450195, 1.2103108167648315, 0.7374534606933594, 0.4555976986885071, 0.24463386833667755, 0.1922510415315628, 0.199446901679039, 0.13855156302452087, 0.12116768211126328, 0.13819530606269836, 0.16877220571041107, 0.09608935564756393, 0.14245809614658356, 0.10826382786035538, 0.05455777049064636, 0.06278206408023834, 0.10344570130109787, 0.1269836723804474, 0.04166238754987717, 0.046877454966306686, 0.12750066816806793, 0.04069190099835396, 0.04081304371356964, 0.10063882172107697, 0.039981480687856674, 0.009771868586540222, 0.18713192641735077, 0.05263002961874008, 0.05942609906196594, 0.05038149282336235, 0.02187429368495941, 0.07617790997028351], "accuracy": [0.35970696806907654, 0.5716117024421692, 0.7531135678291321, 0.860805869102478, 0.9205127954483032, 0.9364469051361084, 0.9412087798118591, 0.9560439586639404, 0.9639194011688232, 0.9652014374732971, 0.9564102292060852, 0.973809540271759, 0.970695972442627, 0.9728937745094299, 0.9833333492279053, 0.9816849827766418, 0.9756410121917725, 0.971611738204956, 0.9886446595191956, 0.9871794581413269, 0.9694139361381531, 0.9879120588302612, 0.9891941547393799, 0.976190447807312, 0.9891941547393799, 0.9972527623176575, 0.966300368309021, 0.9851648211479187, 0.985897421836853, 0.9875457882881165, 0.9926739931106567, 0.9844322204589844], "val_loss": [1.6656030416488647, 1.7502459287643433, 2.2859559059143066, 2.621138334274292, 3.481200695037842, 3.8515498638153076, 3.993496894836426, 4.295742034912109, 4.7352213859558105, 5.596187114715576, 4.6726179122924805, 5.5347514152526855, 4.671157360076904, 4.815615177154541, 8.051883697509766, 7.13861608505249, 6.721160411834717, 5.889720916748047, 6.497976303100586, 6.970674514770508, 4.3297858238220215, 5.660958766937256, 6.2823405265808105, 6.804427146911621, 6.563252925872803, 7.157593727111816, 7.4679975509643555, 8.187685012817383, 8.825693130493164, 8.239266395568848, 7.456741809844971, 7.94978141784668], "val_accuracy": [0.42336684465408325, 0.5062814354896545, 0.5075376629829407, 0.5046063661575317, 0.4991624653339386, 0.5284757018089294, 0.5108878016471863, 0.5104690194129944, 0.500837504863739, 0.4744556248188019, 0.49246230721473694, 0.49246230721473694, 0.49497488141059875, 0.49413734674453735, 0.4627303183078766, 0.4907872676849365, 0.5129815936088562, 0.5108878016471863, 0.49581238627433777, 0.4895309805870056, 0.5062814354896545, 0.4865996539592743, 0.49204355478286743, 0.5188442468643188, 0.5154941082000732, 0.5154941082000732, 0.47152429819107056, 0.47319933772087097, 0.45728641748428345, 0.48199328780174255, 0.4681742191314697, 0.4861809015274048]}